State_Name,State_District_Name,SS_Mothers_Who_Availed_Financial_Assistance_For_Delivery_Under_Jsy_Total,SS_Mothers_Who_Availed_Financial_Assistance_For_Delivery_Under_Jsy_Rural,SS_Mothers_Who_Availed_Financial_Assistance_For_Delivery_Under_Jsy_Urban,SS_Mothers_Who_Availed_Financial_Assistance_For_Institutional_Delivery_Under_Jsy_Total,SS_Mothers_Who_Availed_Financial_Assistance_For_Institutional_Delivery_Under_Jsy_Rural,SS_Mothers_Who_Availed_Financial_Assistance_For_Institutional_Delivery_Under_Jsy_Urban,SS_Mothers_Who_Availed_Financial_Assistance_For_Government_Institutional_Delivery_Under_Jsy_Total,SS_Mothers_Who_Availed_Financial_Assistance_For_Government_Institutional_Delivery_Under_Jsy_Rural,SS_Mothers_Who_Availed_Financial_Assistance_For_Government_Institutional_Delivery_Under_Jsy_Urban
Assam,Barpeta,41.8,41,50.3,77.8,80.5,59.4,89.2,89.7,84.3
Assam,Bongaigaon,51.7,52.3,45.5,85.6,90.6,51.8,93.3,94.8,78.6
Assam,Cachar,53,53.5,50.7,79,83.5,61.1,91.7,93.1,84.4
Assam,Darrang,54.3,54.7,NA,81.8,83,NA,87.1,87.3,NA
Assam,Dhemaji,76.3,76.7,71.6,94.5,95.3,85.2,96.6,96.9,92.9
Assam,Dhubri,39.3,37.4,59.7,84.2,86.5,72.3,89.5,90.1,86.5
Assam,Dibrugarh,63.7,67.4,48.5,76.9,83.3,54,91.3,92.3,87
Assam,Goalpara,50.2,50.3,48.7,85.5,87.1,68.9,91.5,92.2,83.6
Assam,Golaghat,63.4,65.2,48.6,81.8,85.7,55.6,95.6,95.4,97.1
Assam,Hailakandi,39.2,38.5,NA,80.7,88,NA,89.6,92.1,NA
Assam,Jorhat,66,72,44.2,79.9,87.3,53.6,92.5,94.2,84
Assam,Kamrup,57.7,69.8,42.3,65.2,81.6,45.6,81.8,87.4,71.2
Assam,Karbi Anglong,57.5,54.3,71.2,88.4,89.5,85.1,93.7,94.3,91.9
Assam,Karimganj,34,34.1,NA,78.8,81.9,NA,89.9,90.5,NA
Assam,Kokrajhar,54.2,53.9,NA,88.3,89.6,NA,91,91,NA
Assam,Lakhimpur,78.5,79.2,NA,90.3,91.3,NA,94.1,94.3,NA
Assam,Marigaon,64.5,64.3,68.4,91.8,92.3,80.4,95.6,95.6,94
Assam,Nagaon,46.2,45.2,52.7,78.4,81.6,64,91.2,92.4,85.3
Assam,Nalbari,73.2,73.5,NA,81.6,82,NA,94.1,94,NA
Assam,North Cachar Hills,64.8,54.6,75.2,89.1,90.2,88.3,91.7,93.6,90.4
Assam,Sibsagar,77,78.8,50.3,86.4,88.9,53.3,94.1,94.6,84.4
Assam,Sonitpur,53.9,55.2,41,77.8,81.6,49.5,90.2,90.9,83.4
Assam,Tinsukia,63.5,66.3,47.3,81.5,87.2,53.5,93.9,94.9,88.2
Bihar,Araria,40.2,39.2,NA,82.8,83.3,NA,97.6,97.9,NA
Bihar,Aurangabad,43.9,43.7,45.2,70.2,70.1,71,93.1,93,94.1
Bihar,Banka,50.9,50.6,NA,76.6,77.1,NA,95.1,95,NA
Bihar,Begusarai,46.3,47.2,NA,67.9,70.1,NA,89.9,90,NA
Bihar,Bhagalpur,44.4,46.5,31.8,68.4,73,43.5,92.8,93.8,85
Bihar,Bhojpur,42.7,42.9,40.9,58.6,60.3,47.9,90.9,91,90
Bihar,Buxar,44.6,46.5,20.4,61.2,63.3,31.7,93.6,94.2,79.2
Bihar,Darbhanga,24.7,23.8,37,73.1,74.8,61.4,90.5,92,72.2
Bihar,Gaya,30.6,31.4,27.4,56.6,61.4,41.7,94.9,94.3,97.7
Bihar,Gopalganj,49.4,49.9,42,78,79.2,61.5,92.5,93.2,81
Bihar,Jamui,40.1,39.3,NA,70.2,70.3,NA,93.6,93.5,NA
Bihar,Jehanabad,52.9,54.4,37.1,71.7,73.5,51.8,94.7,94.7,94.4
Bihar,Kaimur (Bhabua),43.3,42.9,NA,59.8,59.6,NA,91.4,91.1,NA
Bihar,Katihar,33.9,33.5,42.4,75.6,78.2,53.5,89.2,90.1,77.4
Bihar,Khagaria,57.2,57,60.8,85.7,86.5,74.7,93.3,93.1,96.9
Bihar,Kishanganj,40.8,39.2,59.1,75.6,75.3,76.9,89.8,90,88.7
Bihar,Lakhisarai,41.7,41.7,41.7,65.6,67.1,55.4,91.1,91.2,89.9
Bihar,Madhepura,39.7,39.7,NA,74.5,75.1,NA,84.4,84.6,NA
Bihar,Madhubani,27.7,27.5,NA,66.8,67.7,NA,81.5,81.5,NA
Bihar,Munger,52.6,57.8,37.6,67.1,75,44.8,93.1,94.7,86.1
Bihar,Muzaffarpur,36.8,37.5,25.2,68.7,72,31.5,86.5,87.2,71.1
Bihar,Nalanda,47.6,49.2,37.5,67.1,69.5,52.2,93,92.9,93.5
Bihar,Nawada,42,41.8,43.9,64.8,65.6,58,87.5,87.1,91.5
Bihar,Pashchim Champaran,49.5,49.6,48.2,78.4,79.3,66.7,95.6,95.8,92.6
Bihar,Patna,41,46.7,31.3,52.5,63.5,36.3,89.7,92.4,83.3
Bihar,Purba Champaran,28.7,29.4,NA,63.4,67.1,NA,84.4,87.3,NA
Bihar,Purnia,47.5,51.3,NA,80.2,83.7,NA,94.7,95.5,NA
Bihar,Rohtas,39.1,40.9,23.2,53,56.1,27.1,93.6,94.1,84.7
Bihar,Saharsa,39.7,38.1,55.1,83.8,86.1,73.1,93.3,93.5,92.1
Bihar,Samastipur,55.8,56.4,NA,86.2,88.1,NA,96.3,96.4,NA
Bihar,Saran,41.1,41.8,34.8,75.2,76.8,62.4,91.6,92.9,80.9
Bihar,Sheikhpura,54.2,55.3,44.4,74,76.3,56.3,96.3,96.5,94
Bihar,Sheohar,23.2,23,NA,69.7,68.8,NA,90,89.5,NA
Bihar,Sitamarhi,31,29.6,NA,73.3,72.4,NA,89.2,88.4,NA
Bihar,Siwan,43.9,43.9,43.9,73.2,75.1,60.6,86.5,87.4,79.5
Bihar,Supaul,47.7,46.9,NA,80.8,81.7,NA,93.2,93.2,NA
Bihar,Vaishali,46.3,46.7,37.6,70.6,71.7,49.5,83.3,83.6,77.1
Chhattisgarh,Bastar,67.3,67.61,63.88,96.28,97.64,83.16,98.52,99.14,90.97
Chhattisgarh,Bilaspur,26.31,22.16,38,71.96,76.68,63.93,81.13,81.51,80.34
Chhattisgarh,Dantewada,44.36,44.45,43.77,84.68,91.55,56.01,92.68,94.72,72.12
Chhattisgarh,Dhamtari,46.72,46.09,51.84,85.1,86.72,75,96.51,96.87,93.13
Chhattisgarh,Durg,33.13,33.57,32.23,63.27,73.47,51.97,79.9,81.8,74.59
Chhattisgarh,Janjgir-Champa,21.42,20.94,26.44,66.47,67.74,58.54,75.81,76.92,68.48
Chhattisgarh,Jashpur,34.16,33.85,NA,82.41,83.37,NA,83.48,83.3,NA
Chhattisgarh,Kanker,63.08,63.3,NA,89.51,90.93,NA,95.9,96.2,NA
Chhattisgarh,Kawardha,25.32,25.57,NA,78.9,81.54,NA,89.1,89.51,NA
Chhattisgarh,Korba,35.22,29.53,46.23,72.02,78.11,65.26,82.45,84.53,78.5
Chhattisgarh,Koriya,36.36,37.01,33.7,71.63,81.68,49.83,79.29,87.75,53.59
Chhattisgarh,Mahasamund,40.1,39.87,42.36,75.62,77.99,59.48,85.64,86.31,77.78
Chhattisgarh,Raigarh,33.12,30.32,52.98,73.83,75.56,67.89,82.92,83.65,79.68
Chhattisgarh,Raipur,25.86,21.89,37.63,65.65,69.79,60.41,78.04,79.86,74.41
Chhattisgarh,Rajnandgaon,38.64,37.15,48.02,78.77,83.28,63.61,88.07,90.78,75.58
Chhattisgarh,Surguja,26.52,25.78,38.35,70.59,74.19,48.73,77.57,80.95,52.34
Jharkhand,Bokaro,13.3,15.9,10.2,18.2,25.8,13.6,44,57.1,35.5
Jharkhand,Chatra,16.3,15.8,20.3,35,34.9,35.9,77.6,80.1,66.7
Jharkhand,Deoghar,24.1,24.2,24.1,56.3,61.7,34.9,90,90.6,86.5
Jharkhand,Dhanbad,14,17.2,11.2,20,26,16.8,59.3,64.1,56.9
Jharkhand,Dumka,18.2,17.2,35.7,42.9,42.4,45.8,58.6,55.5,85.5
Jharkhand,Garhwa,27.2,26.2,NA,60.8,63.1,NA,79.8,80.1,NA
Jharkhand,Giridih,16,15.8,18.2,39.1,40.4,25.8,80.8,81.1,76.7
Jharkhand,Godda,23.4,23.3,NA,57.6,58.8,NA,86,86.6,NA
Jharkhand,Gumla,44.4,44.1,49.4,81.6,83.8,60.5,91.2,91.7,85.7
Jharkhand,Hazaribagh,26.1,26.6,23.6,45.1,49.5,30.9,77,80.2,64
Jharkhand,Kodarma,20.9,21.6,17,36.3,39.8,22.6,68.8,68.9,68.1
Jharkhand,Lohardaga,39.2,40.1,31.6,70.7,76.1,39.4,88.7,88.7,88.6
Jharkhand,Pakaur,21.4,21.1,NA,55.5,57.3,NA,67.8,68.7,NA
Jharkhand,Palamu,24.7,23.7,41.2,55.6,55.2,59.1,81.3,80.1,93.3
Jharkhand,Pashchimi Singhbhum,27.9,28.1,26.1,61.5,72.6,31.9,84.5,86.3,74.1
Jharkhand,Purbi Singhbhum,28.1,39.5,17.3,38,64.5,20.8,74,83.9,60
Jharkhand,Ranchi,32.4,38.6,20.1,42.5,59.1,22.2,77.5,85.1,59.8
Jharkhand,Sahibganj,21.3,19.1,45.3,55.2,55.2,55.2,73.1,73.9,70.6
Madhya Pradesh,Balaghat,76,77,70.1,93.9,95.5,84.5,97.6,98,95.3
Madhya Pradesh,Barwani,69.7,64.3,91.5,93.4,93.3,93.4,97.4,97.2,97.9
Madhya Pradesh,Betul,76.5,75.9,79.7,87.2,87.8,84.5,90.2,89,96.5
Madhya Pradesh,Bhind,75.1,77.1,71.2,87.8,92,80.1,91.5,94.8,85
Madhya Pradesh,Bhopal,65.8,76.7,63.3,71.7,88,68.1,90.8,94.2,89.9
Madhya Pradesh,Chhatarpur,80.2,81,77.2,96.3,98,89.5,98.1,98.9,94.2
Madhya Pradesh,Chhindwara,70,67.3,77.7,84.7,84.1,86.3,87.1,85.5,91.9
Madhya Pradesh,Damoh,56.8,53.7,69.1,94.3,96.4,88.2,98.1,99,95.7
Madhya Pradesh,Datia,74.4,76.1,69.9,88,90,82.6,95.6,95.7,95.2
Madhya Pradesh,Dewas,75.2,76.8,71.8,82.3,86.3,74.2,92.7,93.6,90.5
Madhya Pradesh,Dhar,75.3,76,72.5,86.3,89,77.3,93.9,93.8,94.2
Madhya Pradesh,Dindori,48.6,48.4,NA,96.8,97.2,NA,98.5,98.5,NA
Madhya Pradesh,East Nimar,61.1,59.4,66.8,80.6,82.8,74.5,91.7,91.8,91.5
Madhya Pradesh,Guna,82.2,82.1,82.5,87,86.3,89.9,91.4,89.5,99.4
Madhya Pradesh,Gwalior,70.3,83.2,63.9,75,88.2,68.5,91.9,94.7,90.1
Madhya Pradesh,Harda,73,71.1,80.9,92.1,93.9,85.8,97.9,98.4,96
Madhya Pradesh,Hoshangabad,82.7,83.6,80.7,89.1,92.4,82.6,95.8,97.6,91.6
Madhya Pradesh,Indore,59.1,78.8,52.1,62.6,81.6,55.6,88.9,95,85.9
Madhya Pradesh,Jabalpur,73,81.2,66.8,84.4,97.5,74.3,97.9,99.6,95.9
Madhya Pradesh,Jhabua,64.4,64.3,65.3,80.2,81.5,68.8,87.6,87.6,87.9
Madhya Pradesh,Katni,88.1,89.6,82.9,95.8,97.9,89.4,98.8,99,98.1
Madhya Pradesh,Mandla,58.9,56.8,79.6,89.9,90.9,83.6,91.5,91.4,92.5
Madhya Pradesh,Mandsaur,73.3,74.3,70.2,81.1,83.1,74.8,85.4,85.8,84
Madhya Pradesh,Morena,82.9,85.5,75.8,89.2,92.8,79.8,95.2,95.8,93.2
Madhya Pradesh,Narsimhapur,80.5,80.4,81,88.6,88.9,87.2,91.4,91.1,93.9
Madhya Pradesh,Neemuch,69.7,72.9,64.2,79.7,85,70.9,93.3,93.4,93.1
Madhya Pradesh,Panna,70.7,70.8,70.4,89,90.7,79.6,89.2,90.5,81.8
Madhya Pradesh,Raisen,76.5,75.4,80.9,93.4,95.2,87.4,97.6,97.7,97.3
Madhya Pradesh,Rajgarh,79.3,78.7,83.4,88.4,88.8,86.5,93.9,93.3,97.5
Madhya Pradesh,Ratlam,82.3,89.3,71.5,87.4,95.8,75,95.7,97.6,92.2
Madhya Pradesh,Rewa,81.4,82.3,75.8,93.2,95.2,81.3,96,97.2,87.9
Madhya Pradesh,Sagar,68.3,63.8,80.2,94,96.8,88.5,98.1,97.9,98.6
Madhya Pradesh,Satna,71,69.3,76.5,89.8,89.4,91,93.1,91.4,98.1
Madhya Pradesh,Sehore,81.7,84,72.8,87.5,91.3,73.9,97.1,97.3,96.3
Madhya Pradesh,Seoni,75.7,77.8,53.1,86.9,90,57,87.9,90.2,60.3
Madhya Pradesh,Shahdol,59.4,61.1,53.7,93.9,97.6,82.9,97.2,98.5,92.7
Madhya Pradesh,Shajapur,81.2,82.4,78.1,86.4,87.6,83.3,93.1,92.3,95.8
Madhya Pradesh,Sheopur,67.7,66.2,76.9,93.5,94.8,87.3,97.4,97.8,95.3
Madhya Pradesh,Shivpuri,82.9,83.4,79.6,92.1,93.3,85.4,95.3,95.6,93.7
Madhya Pradesh,Sidhi,54,55.1,44,93.2,95.7,72.3,94.9,96.4,81.4
Madhya Pradesh,Tikamgarh,76.4,75.2,82.2,92.5,92.8,91.1,93.3,93.1,94.5
Madhya Pradesh,Ujjain,71.8,78.5,60.5,83.7,93.4,68.6,93.1,97.5,84.9
Madhya Pradesh,Umaria,83.5,83.4,84.3,97.6,98.5,92.6,98.8,99,98
Madhya Pradesh,Vidisha,83.6,83.2,84.7,94.7,97.7,87.5,97.4,99.1,93
Madhya Pradesh,West Nimar,76.7,76.3,78.6,92.2,93.3,86.1,97.1,97.3,96.1
Odisha,Anugul,68.64,73.38,43.61,79.03,83.88,52.4,94.26,94.58,91.6
Odisha,Balangir,76.69,77.15,70.87,92.99,94.33,77.72,97.16,97.54,92.21
Odisha,Baleshwar,80.05,81.02,71.57,89.3,91.09,74.91,95.61,95.83,93.52
Odisha,Bargarh,81.02,81.84,72.01,89.11,90.54,74.91,96.55,96.79,93.63
Odisha,Baudh,65.19,65.1,NA,94.28,94.73,NA,96.71,96.98,NA
Odisha,Bhadrak,70.1,71.72,58.65,83.71,84.86,75.22,95.54,95.63,94.76
Odisha,Cuttack,68.78,78.31,39,74.86,83.85,45.11,93.52,95.93,80.56
Odisha,Debagarh,74.47,74.84,70.12,92.14,93.14,81.43,95.77,96.1,91.94
Odisha,Dhenkanal,78.3,79.3,65.96,89.46,90.84,73.01,95.88,96.85,83.21
Odisha,Gajapati,47.4,48.67,36.42,70.74,74.86,43.2,86.33,87.18,77.27
Odisha,Ganjam,71.81,74.62,54.44,82.26,86.38,58.41,95.2,96.22,87.33
Odisha,Jagatsinghapur,77.58,79.88,53.95,81.54,83.09,63.57,94.33,95.71,76.77
Odisha,Jajapur,76.23,76.69,NA,84.39,84.94,NA,94.29,94.22,NA
Odisha,Jharsuguda,63.97,74.59,47.34,74.22,85.24,56.2,92.58,95.28,86.39
Odisha,Kalahandi,54.96,53.89,65.69,80.35,80.72,77.59,88.18,87.99,89.69
Odisha,Kandhamal,81.32,80.91,86.67,97.21,97.68,92.04,98.71,98.85,97.2
Odisha,Kendrapara,71.41,71.59,68.29,83.16,83.74,73.83,95.31,95.43,93.22
Odisha,Kendujhar,63.74,68.38,39.79,87.31,91.78,61.36,95.02,96.51,83.71
Odisha,Khordha,66.29,78.8,45.72,70.91,83.08,50.16,92.91,95.68,85.81
Odisha,Koraput,50.48,48.72,59.73,92.06,95.44,80,94.12,96.24,86.18
Odisha,Malkangiri,49.85,49.25,58.97,92.74,93.5,83.96,95.64,96.21,88.66
Odisha,Mayurbhanj,78.27,78.26,78.4,96.24,97.1,83.44,98.07,98.31,94.03
Odisha,Nabarangapur,52.35,51.45,NA,95.57,96,NA,98.4,98.55,NA
Odisha,Nayagarh,79.13,79.56,NA,87.73,88.25,NA,96.95,96.96,NA
Odisha,Nuapada,67.46,67.42,NA,95.08,95.68,NA,97.26,97.42,NA
Odisha,Puri,80.61,83.97,60.06,83.4,86.81,62.42,95.58,96.3,89.86
Odisha,Rayagada,53.92,53.92,53.93,85.07,90.96,60.48,91.43,94.39,76.56
Odisha,Sambalpur,70.02,72.99,65,83,89.67,72.85,95.24,96.92,92.23
Odisha,Sonapur,78.18,78.46,73.79,93.06,94.05,79.26,96.89,97.3,90.6
Odisha,Sundargarh,66.72,73.02,51.12,79.37,89.39,57.4,92.27,94.73,84.65
Rajasthan,Ajmer,49.4,50.7,46.9,65.9,71.6,56.5,92.7,94.3,89.3
Rajasthan,Alwar,65.9,67.7,49.3,77.7,80.2,56.7,93.2,93.4,90.3
Rajasthan,Banswara,71.2,71.6,NA,84.8,85.8,NA,94.8,95,NA
Rajasthan,Baran,84.2,85.3,77.2,89.5,90.9,81,97.3,97.5,96.2
Rajasthan,Barmer,38.1,37.7,43.4,78.9,81.1,60.4,90.4,90.8,85.6
Rajasthan,Bharatpur,61.5,61.3,62.6,80.4,82.4,72.1,96.8,97.1,95.4
Rajasthan,Bhilwara,56.4,53.9,68.5,77.9,78.1,77.5,93,92.3,95.9
Rajasthan,Bikaner,49.6,47.5,53.3,75.3,85.1,63.6,93.8,94.8,92.3
Rajasthan,Bundi,78.9,80.9,71.2,86.6,90.2,74.2,96.4,97.3,92.5
Rajasthan,Chittaurgarh,73.3,73,74.9,86.2,87.1,81.9,93.5,93.4,94.1
Rajasthan,Churu,57.3,57.4,57.2,80.6,81.4,78.2,94.5,93.6,97.2
Rajasthan,Dausa,59.9,60.4,54.1,69,70.1,57.2,96.4,96.7,92.3
Rajasthan,Dhaulpur,67.7,69.2,61.9,82,86.7,66.5,94.8,95.6,91.6
Rajasthan,Dungarpur,60.4,60.2,62.5,81.3,82.8,63.6,94,94.5,86.6
Rajasthan,Ganganagar,57.3,63.8,41.3,66.4,75,46.4,95.3,95.9,92.8
Rajasthan,Hanumangarh,41.3,43.9,33.3,58.3,61.7,47.6,89.4,89.4,89.3
Rajasthan,Jaipur,59.4,70.3,49.5,64.1,75.8,53.5,94.6,95.5,93.6
Rajasthan,Jaisalmer,35.3,32,55.7,79.1,83.4,67.1,89.8,91.3,84.7
Rajasthan,Jalor,41.3,40.6,50,65.3,65.7,61.3,89.7,89.8,87.5
Rajasthan,Jhalawar,73.8,74.6,68.9,87.2,89.3,75.4,96.5,96.7,94.8
Rajasthan,Jhunjhunun,43.8,47.5,31.2,48.8,52.9,35,87.5,89.7,76.4
Rajasthan,Jodhpur,48.8,45.3,56,70.3,75.2,63.7,89.2,90.1,87.7
Rajasthan,Karauli,77.8,76.8,82.5,88.8,89.1,87.6,95.9,95.3,99.3
Rajasthan,Kota,51.2,66.1,38.3,60.7,81.1,44.1,92.1,97.1,85.5
Rajasthan,Nagaur,71.7,73.1,65,85.7,88.2,74.1,95.8,96.4,92.6
Rajasthan,Pali,60.7,60.7,60.6,82.3,84.5,75.1,93.1,93.8,90.7
Rajasthan,Rajsamand,64.8,65.3,60.8,82.2,84.8,65.6,93,93.5,88.8
Rajasthan,Sawai Madhopur,68.4,72,55.5,82.1,86.8,65.6,94.2,94.9,90.2
Rajasthan,Sikar,41.8,48.6,21.6,48.1,57.4,23.1,83.8,86.5,70.8
Rajasthan,Sirohi,67.2,66.4,73.8,80.3,80.5,78.8,92.9,92.9,92.7
Rajasthan,Tonk,71.7,70.2,76.4,85.2,85.4,84.5,93.9,93,96.8
Rajasthan,Udaipur,60.6,57.6,73.8,85.2,88,76.8,94.1,95.3,90.1
Uttar Pradesh,Agra,31.25,35.84,26.34,43.01,51.95,34.37,92.83,94.71,90.18
Uttar Pradesh,Aligarh,33.73,33.48,34.38,55.93,59.28,49.06,94.66,95.26,93.23
Uttar Pradesh,Allahabad,34.05,36.75,18.05,57.3,63.4,27.11,82.44,84.69,63.48
Uttar Pradesh,Ambedkar Nagar,45.42,47.76,NA,68.3,71.18,NA,87.28,87.58,NA
Uttar Pradesh,Auraiya,36.06,37.47,28.17,70.52,73.04,56.05,87.73,88.08,85.04
Uttar Pradesh,Azamgarh,35.33,36.89,15.64,50.4,53.43,18.25,78.54,79.68,53.09
Uttar Pradesh,Baghpat,28.95,30.53,23.08,42.68,44.6,35.18,86.62,88.66,77.59
Uttar Pradesh,Bahraich,25.42,25.65,19.74,74.71,76.17,45,89,89.06,86.89
Uttar Pradesh,Ballia,32.05,32.52,26.94,54.41,56.44,36.36,79.94,80.25,75.86
Uttar Pradesh,Balrampur,21.26,21.15,NA,67.6,68.31,NA,81.61,81.26,NA
Uttar Pradesh,Banda,70.44,71.1,66.8,94.27,95.56,87.43,97.49,97.19,99.31
Uttar Pradesh,Barabanki,48.51,48.83,43.96,78.71,79.66,66.67,91.53,91.18,97.4
Uttar Pradesh,Bareilly,22.87,24.27,19.51,47.29,54.92,33.54,91.72,92.68,89.02
Uttar Pradesh,Basti,44.27,44.73,NA,77.79,79.48,NA,89.37,89.42,NA
Uttar Pradesh,Bijnor,24.58,26.4,17.93,41.84,45.05,30.27,91.57,92.44,87.25
Uttar Pradesh,Budaun,34.42,36.24,25.54,67.17,71.89,46,92.39,93.68,84.21
Uttar Pradesh,Bulandshahar,25.04,27.87,19.07,45.16,53.83,30.42,89.11,90.79,84.21
Uttar Pradesh,Chandauli,38.37,39.44,26.44,60.47,62.28,40.91,85.2,85.79,76.72
Uttar Pradesh,Chitrakoot,63.21,62.64,70.82,95.39,96.09,86.89,98.25,98.62,93.1
Uttar Pradesh,Deoria,45.66,47.65,27.63,70.36,72.66,47.37,89.24,89.39,86.96
Uttar Pradesh,Etah,39.18,39.1,39.72,68.76,71.18,56,95.57,96.04,92.5
Uttar Pradesh,Etawah,48.57,49.34,45.25,78.42,82.32,64.29,93.33,93.69,91.61
Uttar Pradesh,Faizabad,48.4,49.53,37.12,72.03,74.45,50.3,86.64,87.07,81.37
Uttar Pradesh,Farrukhabad,23.69,25.02,18.69,58.01,67.55,33.89,84.76,85.53,81.08
Uttar Pradesh,Fatehpur,44.51,45.4,36.55,75.59,77.41,60.26,91.33,91.88,85.85
Uttar Pradesh,Firozabad,44.25,46.5,35.96,68.16,72.26,53.69,96.56,97.23,93.51
Uttar Pradesh,Gautam Buddha Nagar,15.71,13.02,22.51,27.28,23.55,35.41,82.91,81.82,84.56
Uttar Pradesh,Ghaziabad,17.3,20.65,14.84,27.41,34.23,22.8,70.66,84.72,60.44
Uttar Pradesh,Ghazipur,45.33,45.95,36.22,69.51,70.75,52.07,85.87,86.62,73.49
Uttar Pradesh,Gonda,35.92,35.32,49.72,69.42,69.49,68.18,87.32,87.1,90.91
Uttar Pradesh,Gorakhpur,33.08,37.92,18.33,59.51,69.27,31.68,84.27,88.61,64.5
Uttar Pradesh,Hamirpur,59.38,60,56.38,88.89,90.88,79.92,96.05,96.63,93.18
Uttar Pradesh,Hardoi,40.04,40.7,35.29,76.92,80.22,57.45,91.75,92.69,84.55
Uttar Pradesh,Hathras,42.68,44.56,35.29,67.97,71.28,55.48,95.73,95.83,95.27
Uttar Pradesh,Jalaun,51.82,52.82,48.5,81.52,83.43,75.24,92.23,91.17,96.31
Uttar Pradesh,Jaunpur,31.71,32.64,NA,54.74,56.11,NA,80.83,81.06,NA
Uttar Pradesh,Jhansi,57.11,63.23,49.08,72.28,83.01,59.71,91.57,93.82,88.18
Uttar Pradesh,Jyotiba Phule Nagar,30.6,31.34,27.93,53.07,55.69,44.58,93.67,93.8,93.16
Uttar Pradesh,Kannauj,43.32,47.92,23.56,70.82,77.34,40.75,94.78,95.72,87.09
Uttar Pradesh,Kanpur Dehat,44.7,45.35,NA,78.77,81.13,NA,94.77,94.82,NA
Uttar Pradesh,Kanpur Nagar,29.08,56.52,18.05,47.28,85.91,30.16,81.25,96.46,68
Uttar Pradesh,Kaushambi,50.16,50.14,50.47,81.87,81.82,82.54,92,91.59,98.08
Uttar Pradesh,Kheri,44.82,44.86,43.95,80.11,81.65,58.26,91.42,91.9,80
Uttar Pradesh,Kushinagar,39.63,39.59,NA,68.96,69.18,NA,81.45,81.51,NA
Uttar Pradesh,Lalitpur,66.41,67.05,60.11,87.42,89.2,71.81,96.42,96.92,91.23
Uttar Pradesh,Lucknow,41.72,47.16,36.23,54.21,66.96,43.48,83.81,90.71,76.19
Uttar Pradesh,Maharajganj,35.99,36.48,NA,69.12,71.29,NA,86.03,85.99,NA
Uttar Pradesh,Mahoba,63.67,67.14,56.32,87.09,90.94,78.19,96.05,96.52,94.77
Uttar Pradesh,Mainpuri,34.83,34.7,35.45,65.02,66.51,59,95.09,94.58,97.45
Uttar Pradesh,Mathura,31.23,30.5,32.76,48.77,53.29,41.8,91.43,91.45,91.39
Uttar Pradesh,Mau,34.6,39.83,15.85,52.05,60.53,22.95,80.93,84.25,59.6
Uttar Pradesh,Meerut,21.67,23.7,18.71,38.46,41.82,33.43,88.71,89.3,87.64
Uttar Pradesh,Mirzapur,37.7,38.69,28.57,66.98,69.79,45.65,88.99,89.86,80
Uttar Pradesh,Moradabad,26.22,28.21,21.28,48.62,56.15,33.71,89.2,94.01,76.32
Uttar Pradesh,Muzaffarnagar,26.24,27.85,21.33,46.38,50.56,34.94,92.68,93.38,89.93
Uttar Pradesh,Pilibhit,35.77,35.63,36.64,71.08,75.92,51.96,93.47,94.45,88.14
Uttar Pradesh,Pratapgarh,42.15,42.11,43.02,70.02,70.78,57.36,85.92,85.93,85.71
Uttar Pradesh,Rae Bareli,54.4,55.14,42.77,80.25,82.21,54.2,93.33,93.58,88.75
Uttar Pradesh,Rampur,27.43,28.95,22.04,49.33,54.49,34.13,93.62,94.39,90
Uttar Pradesh,Saharanpur,37.93,39.82,30.58,60.55,65.57,43.61,94.89,95.42,92.31
Uttar Pradesh,Sant Kabir Nagar,39.79,40.35,NA,71.7,73.24,NA,83.35,84,NA
Uttar Pradesh,Sant Ravidas Nagar (Bhadohi),38.12,40.25,19.46,60.08,62.11,37.3,81.45,82.32,68.18
Uttar Pradesh,Shahjahanpur,36.68,36.54,37.64,76.23,79.29,61.15,96.36,96.59,94.86
Uttar Pradesh,Shrawasti,27.14,27.09,NA,77.81,78.05,NA,88.36,88.26,NA
Uttar Pradesh,Siddharthnagar,19.04,18.76,NA,59.53,59.51,NA,78.28,77.65,NA
Uttar Pradesh,Sitapur,45.38,47.09,27.5,79.11,80.35,62.26,92.01,92.74,80.26
Uttar Pradesh,Sonbhadra,24.62,25.31,16.78,62.79,68.77,27.91,78.7,81.12,55.81
Uttar Pradesh,Sultanpur,45.95,45.85,NA,70.4,70.64,NA,84.6,84.24,NA
Uttar Pradesh,Unnao,45.15,46.64,36.3,76.78,79.95,59.06,91.58,92.23,86.98
Uttar Pradesh,Varanasi,28.17,35.11,18.9,41.85,52.08,28.11,82.21,88.35,70
Uttarakhand,Almora,39.36,39.07,44.7,79.34,81.84,53.88,87.86,89.19,71.34
Uttarakhand,Bageshwar,36.75,36.8,35.51,79.85,81.54,51.35,86.09,87.04,66.67
Uttarakhand,Chamoli,38.79,36.26,56.48,85.89,88.61,75.52,91.33,92.62,85.91
Uttarakhand,Champawat,57.61,57.66,57.31,80.25,81.2,74.6,94.45,94.82,92.16
Uttarakhand,Dehradun,34.43,37.58,31.57,47.86,56.04,41.51,78.67,81.29,76.12
Uttarakhand,Haridwar,17.82,16.33,21.14,31.54,34.03,28.2,90.72,91.89,88.89
Uttarakhand,Nainital,37.56,36.81,38.81,57.05,58.54,54.86,81.32,83.36,78.31
Uttarakhand,Pauri Garhwal,39.52,38.18,48.49,66.81,67.35,64.16,83.51,82.74,87.65
Uttarakhand,Pithoragarh,53.26,50.83,67.48,84.42,86.79,75.5,89.85,91.12,84.71
Uttarakhand,Rudraprayag,39.49,39.36,NA,83.2,83.25,NA,90.18,90.15,NA
Uttarakhand,Tehri Garhwal,29.33,27.95,39.95,61.97,63.97,53.23,77.38,76.16,84.48
Uttarakhand,Udham Singh Nagar,32.4,32.74,31.56,51.15,54.35,44.44,90.07,90.61,88.7
Uttarakhand,Uttarkashi,49.29,48.48,56.37,84.91,87.1,71.78,94.94,95.13,93.55

